t1hi3,mean_of_means,std_of_means,95_conf_interval
TimeDelta,0.08445053187899047,0.0,"(0.08445053187899047, 0.08445053187899047)"
CpuUsage,0.6586095740740741,0.0,"(0.6586095740740741, 0.6586095740740741)"
MemoryUsage,0.8013267129629629,0.0,"(0.8013267129629629, 0.8013267129629629)"
Throughput,9.000266039766396,0.0,"(9.000266039766396, 9.000266039766396)"
LatencyMean,0.002609798,0.0,"(0.002609798, 0.002609798)"
