t16mx3s50,mean of means,std of means,95% conf interval
Time delta,0.3531893936303587,0.23803998718893957,"(0.08382179029475717, 0.6225569969659601)"
CPU usage percentage,5.440475729333993,0.08912062881888168,"(5.3396262440176905, 5.541325214650296)"
Memory usage percentage,1.0701097380839326,0.2412951898642379,"(0.7970585261522646, 1.3431609500156005)"
Throughput,64.0001795928081,0.0008621922785494497,"(63.999203930397634, 64.00115525521856)"
Latency mean (s),0.02086898466666667,0.02253934964472785,"(-0.004636690519429065, 0.0463746598527624)"
