t1hi1,mean_of_means,std_of_means,95_conf_interval
TimeDelta,0.7985214342963213,0.0,"(0.7985214342963213, 0.7985214342963213)"
CpuUsage,0.6654704842144246,0.0,"(0.6654704842144246, 0.6654704842144246)"
MemoryUsage,0.7834053791315618,0.0,"(0.7834053791315618, 0.7834053791315618)"
Throughput,9.000271176497998,0.0,"(9.000271176497998, 9.000271176497998)"
LatencyMean,0.01187498,0.0,"(0.01187498, 0.01187498)"
