t1hi2,mean_of_means,std_of_means,95_conf_interval
TimeDelta,0.8022216351855399,0.0,"(0.8022216351855399, 0.8022216351855399)"
CpuUsage,0.646766166805517,0.0,"(0.646766166805517, 0.646766166805517)"
MemoryUsage,0.7811227344256225,0.0,"(0.7811227344256225, 0.7811227344256225)"
Throughput,9.000269551060343,0.0,"(9.000269551060343, 9.000269551060343)"
LatencyMean,0.011974665,0.0,"(0.011974665, 0.011974665)"
