t1mx3s50,mean of means,std of means,95% conf interval
Time delta,2.3462876854999406,1.1130500106267083,"(1.0867530279165227, 3.6058223430833585)"
CPU usage percentage,17.525257560280476,0.40434401971898626,"(17.06769922816573, 17.982815892395223)"
Memory usage percentage,1.039562002196419,0.1339402266659823,"(0.8879943673914071, 1.1911296370014306)"
Throughput,73.82646734462845,15.80121636544128,"(55.945707761290805, 91.7072269279661)"
Latency mean (s),13.445861827333333,2.845818968325402,"(10.225514506375209, 16.666209148291458)"
