t1hi1,mean_of_means,std_of_means,95_conf_interval
TimeDelta,0.7693037512177067,0.0,"(0.7693037512177067, 0.7693037512177067)"
CpuUsage,1.103938263606072,0.0,"(1.103938263606072, 1.103938263606072)"
MemoryUsage,0.773446112550907,0.0,"(0.773446112550907, 0.773446112550907)"
Throughput,19.00051774783152,0.0,"(19.00051774783152, 19.00051774783152)"
LatencyMean,0.02130759,0.0,"(0.02130759, 0.02130759)"
