t1hi2,mean_of_means,std_of_means,95_conf_interval
TimeDelta,0.7660745788462079,0.0,"(0.7660745788462079, 0.7660745788462079)"
CpuUsage,1.1683931149361464,0.0,"(1.1683931149361464, 1.1683931149361464)"
MemoryUsage,0.8013074218027022,0.0,"(0.8013074218027022, 0.8013074218027022)"
Throughput,19.00052589740026,0.0,"(19.00052589740026, 19.00052589740026)"
LatencyMean,0.021415742,0.0,"(0.021415742, 0.021415742)"
