t1hi3,mean_of_means,std_of_means,95_conf_interval
TimeDelta,0.7705399648664665,0.0,"(0.7705399648664665, 0.7705399648664665)"
CpuUsage,1.2315900295967441,0.0,"(1.2315900295967441, 1.2315900295967441)"
MemoryUsage,0.7758764890862007,0.0,"(0.7758764890862007, 0.7758764890862007)"
Throughput,19.00052193005536,0.0,"(19.00052193005536, 19.00052193005536)"
LatencyMean,0.021500605,0.0,"(0.021500605, 0.021500605)"
