t45mx3s50,mean of means,std of means,95% conf interval
Time delta,0.2865634151862095,0.21286202013403968,"(0.045687363721924196, 0.5274394666504948)"
CPU usage percentage,2.1675678176853226,0.028129358134980673,"(2.135736452402252, 2.199399182968393)"
Memory usage percentage,1.0850927892753204,0.2455719714118279,"(0.8072019434272304, 1.3629836351234104)"
Throughput,23.00033033116522,4.160480794097763e-06,"(23.000325623137996, 23.000335039192443)"
Latency mean (s),0.010211876666666666,0.0063526147716471484,"(0.003023216323668456, 0.017400537009664877)"
