t1hx3s50,mean of means,std of means,95% conf interval
Time delta,4.977987676057136,1.1030323267128537,"(3.729789094982187, 6.226186257132086)"
CPU usage percentage,2.4684083366708833,0.6969353387327324,"(1.6797517580376753, 3.2570649153040914)"
Memory usage percentage,1.6434019435187757,0.2521833485090638,"(1.3580296201909512, 1.9287742668466001)"
Throughput,17.000251075953923,4.785753030510279e-06,"(17.000245660364556, 17.00025649154329)"
Latency mean (s),0.006392855333333333,8.36330874607788e-05,"(0.006298215585638398, 0.0064874950810282685)"
