t2mx3s50,mean of means,std of means,95% conf interval
Time delta,0.6795355549329513,0.22931305617542158,"(0.4200434036982634, 0.9390277061676391)"
CPU usage percentage,21.13106797483027,0.4960937535058222,"(20.569685045055706, 21.692450904604833)"
Memory usage percentage,1.1168471435668157,0.16410575933702853,"(0.931143995082365, 1.3025502920512664)"
Throughput,508.94837599394344,0.016907186915453346,"(508.9292437108664, 508.9675082770205)"
Latency mean (s),1.2369138336666667,1.7080239580056746,"(-0.6958972265296697, 3.169724893863003)"
