t30mx3s50,mean of means,std of means,95% conf interval
Time delta,0.29549231043998003,0.21755584196100786,"(0.049304699556851406, 0.5416799213231087)"
CPU usage percentage,2.089316967706555,0.0052643088716894755,"(2.083359841423987, 2.095274093989123)"
Memory usage percentage,1.0751144227829534,0.24128983098801293,"(0.8020692749906022, 1.3481595705753047)"
Throughput,34.000489445225746,6.316567407225991e-06,"(34.00048229735683, 34.00049659309466)"
Latency mean (s),0.011138303666666667,0.009537942257754074,"(0.00034510594780899975, 0.021931501385524334)"
