t1hi1,mean of means,std of means,95% conf interval
Time delta,0.7985214342963213,0.0,"(0.7985214342963213, 0.7985214342963213)"
CPU usage percentage,0.6654704842144246,0.0,"(0.6654704842144246, 0.6654704842144246)"
Memory usage percentage,0.7834053791315618,0.0,"(0.7834053791315618, 0.7834053791315618)"
Throughput,9.000271176497998,0.0,"(9.000271176497998, 9.000271176497998)"
Latency mean (s),0.01187498,0.0,"(0.01187498, 0.01187498)"
