t1hi2,mean of means,std of means,95% conf interval
Time delta,0.8022216351855399,0.0,"(0.8022216351855399, 0.8022216351855399)"
CPU usage percentage,0.646766166805517,0.0,"(0.646766166805517, 0.646766166805517)"
Memory usage percentage,0.7811227344256225,0.0,"(0.7811227344256225, 0.7811227344256225)"
Throughput,9.000269551060343,0.0,"(9.000269551060343, 9.000269551060343)"
Latency mean (s),0.011974665,0.0,"(0.011974665, 0.011974665)"
