t1hi3,mean of means,std of means,95% conf interval
Time delta,0.08445053187899047,0.0,"(0.08445053187899047, 0.08445053187899047)"
CPU usage percentage,0.6586095740740741,0.0,"(0.6586095740740741, 0.6586095740740741)"
Memory usage percentage,0.8013267129629629,0.0,"(0.8013267129629629, 0.8013267129629629)"
Throughput,9.000266039766396,0.0,"(9.000266039766396, 9.000266039766396)"
Latency mean (s),0.002609798,0.0,"(0.002609798, 0.002609798)"
